ID,Date,Title,Lat,Lon,TIE,K,T,E,Reliability,Bias,HasVideo,Sources
71c3cb87-7518-4edb-b562-c9467c7c0200,2025-12-15 08:59:58,Russian Forces Occupy 23% of Donetsk Region,47.997797,37.8622574,0.0,0.0,0.0,0.0,72,3.6,0,1
5bcb60ab-6473-4757-8de6-5c8546cd927d,2025-12-12 12:34:02,Ukrainian Forces Conduct Operations in Kupyansk,49.7132963,37.6141992,4.0,1.0,3.0,3.0,72,4.0,0,1
9644ef1c-3d90-4afa-9e2a-bcaca6a63849,2025-12-12 09:54:56,Ukrainian Forces Block Adversary Forces in Kupyans,49.7132963,37.6141992,39.0,5.0,5.0,6.0,92,4.0,1,1
68694dc2-843e-4bb3-9715-0fb007b6d65f,2025-12-08 19:57:01,Russian Forces Advance in Sieversk Area,48.9478698,38.4936475,23.0,5.0,5.0,4.0,72,4.0,0,1
2db107ed-7ddc-4eda-9437-5fcd6949f2db,2025-12-07 10:55:26,Ukrainian Forces Detonate Dam in Privillia,48.72364177339634,37.86180496215821,100.0,10.0,8.0,7.0,72,2.8,0,1
3741fe55-5f57-4123-b215-57232082e3f8,2025-12-05 20:22:02,Ukrainian Forces Engage in Combat Operations in Vo,50.29373981278284,36.93622827529908,62.0,9.0,5.0,9.0,72,-1.2,0,1
5bb18cc1-8453-43cb-92bc-fb8618a73c95,2025-12-05 07:33:59,Russian Forces Shot Ukrainian Prisoner of War in S,48.82965320982424,38.05713415145875,11.0,1.0,3.0,7.0,92,4.0,1,1
9acbb54b-3c10-4ea6-8f4a-4f2375a3ccd5,2025-12-22 08:38:20,Russian UAV Attack on Railway Infrastructure near ,50.9491068,28.6417552,15.0,3.0,4.0,4.0,70,0.0,1,1
7c12a533-4d5f-4233-bfbc-8bc45ff11622,2025-12-22 07:18:42,Ukrainian Forces Destroy Russian Fighter Jets near,52.6935178,39.1122664,100.0,6.0,8.0,7.0,50,2.0,0,1
0d4cd6bf-7fd7-4c89-98e3-29424c1e96af,2025-12-21 17:26:27,Unknown Forces Strike Tanker in Rostov,47.2222596,39.7198736,25.0,4.0,4.0,6.0,70,0.0,1,1
f5745c65-1ba3-41c7-b750-9add079873fa,2025-12-21 17:23:00,Russian Forces Abduct Civilians in Hrabovske,50.6914311,35.460427,0.0,1.0,2.0,1.0,50,3.2,0,1
e89d7ff1-0268-48be-a6bf-a3e6d03becc6,2025-12-21 12:18:49,Ukrainian Forces Engage Russian Forces near Lyman,48.9801314,37.8168012,54.0,6.0,5.0,8.0,70,2.0,1,1
24e7535c-9dde-4b2d-a8a8-cfc70b0b78af,2025-12-21 11:52:34,Ukrainian Forces Engage Russian Forces in Hrabovsk,50.6914311,35.460427,8.0,3.0,3.0,4.0,50,2.7,0,1
8eaceb73-7b34-46f8-b7f0-a9291b06b0cd,2025-12-21 10:47:06,Destruction of Toretsk by Russian Forces,48.3970469,37.8501378,0.0,1.0,1.0,1.0,50,-3.2,0,1
20356589-c08c-4bab-babb-8a2cc4e87021,2025-12-21 10:41:15,Russian Infantry Attempt to Enter Sotnitsky Kazach,50.43609,35.90151,19.0,6.0,3.0,7.0,50,2.0,0,1
77a7ce73-d019-4466-ae60-370d8f6e4c39,2025-12-21 09:48:14,Ukrainian Forces Conduct Sabotage at Railway Hub n,47.138527,39.742348,32.0,4.0,4.0,6.0,70,3.2,1,1
e8187fc9-d0f8-4785-aa13-5860edb90638,2025-12-21 09:25:33,Russian Forces Launch Drone and Missile Strikes ac,45.3647396,28.8407229,28.0,8.0,4.0,6.0,57,1.0,0,2
1ad23eb9-5e0b-4099-bcb3-aa7f3c57fe59,2025-12-21 09:14:06,Russian Forces Cross Border and Abduct Civilians n,50.6914311,35.460427,0.0,1.0,1.0,1.0,50,2.0,0,1
2123a6c8-d708-4ddb-9a4f-fead8c240c60,2025-12-20 20:31:42,Ukrainian Forces Engage Russian Forces North of No,49.4249297,37.6412659,21.0,4.0,3.0,7.0,50,2.0,0,1
0bc0b74b-a07b-4066-8000-f580bc00c7cc,2025-12-20 19:54:10,Russian Forces Conduct Operations in Hrabovske and,50.6914311,35.460427,9.0,5.0,2.0,7.0,50,2.8,0,1
901612fe-d08a-4a5f-9e3f-d6cc2da5cba2,2025-12-20 13:20:49,Ukrainian Drones Detected in Turkish Airspace,55.7410091,37.5742726,20.0,3.0,6.0,3.0,50,-2.0,0,1
262daf1d-722a-45af-bb24-5f2d355728a4,2025-12-20 11:53:01,Ukrainian Defense Minister Discusses Air Defense C,50.4500336,30.5241361,0.0,0.0,0.0,0.0,50,0.8,0,1
062c4a78-5108-41d8-b5c0-86082ef278da,2025-12-20 11:35:02,Ukrainian Forces Continue Fortification Constructi,47.8507859,35.1182867,0.0,0.0,0.0,0.0,50,2.0,0,1
0f89017a-9d1d-4e9c-8a24-44edb455c47f,2025-12-20 09:11:27,Ukrainian Forces Strike Russian Fighter Jets at Be,44.6704841,33.5743497,100.0,6.0,8.0,7.0,50,2.7,0,1
a1c5af1e-033a-4705-9f3b-6517e957ae54,2025-12-20 09:07:41,Ukrainian Forces Strike Russian Warship in Caspian,42.0,51.0,100.0,6.0,8.0,7.0,50,1.5,0,1
697fffce-ec78-464a-bb15-99451f392217,2025-12-19 21:48:47,Ukrainian Forces Maintain Positions in Siversk Dir,48.8676267,38.0902435,4.0,1.0,3.0,3.0,50,2.0,0,1
738dcb0a-fb43-47fc-b44f-6d438b1b7af8,2025-12-19 20:46:21,Russian Forces Strike Port Infrastructure in Odesa,46.4843023,30.7322878,96.0,7.0,8.0,7.0,50,2.0,0,1
4cabce42-510b-493d-88eb-273b88503936,2025-12-19 15:45:27,Russian Missile Strike Damages Bridge near Mayaki,46.416632,30.2750575,91.0,7.0,7.0,6.0,70,-1.2,1,1
a6026097-88b4-4b19-8232-bbb8640b20d8,2025-12-19 11:46:03,Russian Military Deploys Chinese Laser Air Defense,46.0970024,33.6371173,10.0,1.0,3.0,7.0,25,-2.0,0,1
f1435703-b488-4995-b4cb-e79e192211b1,2025-12-19 11:43:15,Russian Forces Strike Bridge in Odesa Region,45.3647396,28.8407229,55.0,7.0,7.0,4.0,50,3.2,0,1
5232de37-818e-4088-b695-b521b3e1ba70,2025-12-18 18:24:48,Ukrainian Drone Operators Engage Russian Forces in,47.997797,37.8622574,41.0,5.0,5.0,7.0,50,2.0,0,1
4abeb4ac-3561-454b-b047-0ac2c0d8e20f,2025-12-18 16:35:56,Russian Forces Target Transport Communications in ,45.3647396,28.8407229,82.0,6.0,8.0,5.0,50,-2.0,0,1
8c260576-a654-4234-95e2-87d59c497704,2025-12-18 11:26:01,Ukrainian Forces Disrupted Railway Supply Line in ,47.8507859,35.1182867,34.0,4.0,4.0,7.0,50,2.8,0,1
b3ebbb54-4bda-4cce-a836-b7ec4bf6faa9,2025-12-18 08:15:33,Russian Forces Attack Energy Facilities in Odesa,45.9962017,29.431517,100.0,7.0,8.0,7.0,70,2.0,1,1
3e9eb480-9484-4ed6-87ef-b68c941b3252,2025-12-18 07:32:55,Ukrainian Forces Engage Russian Forces in Lyman Di,48.9801314,37.8168012,45.0,7.0,5.0,7.0,50,2.7,0,1
902efe8b-d51a-482a-be0b-d7c81b827516,2025-12-18 07:11:50,UK Supplies Air Defense Systems to Ukraine,49.9923181,36.2310146,0.0,0.0,0.0,0.0,50,0.8,0,1
44603623-3a72-41ce-99c8-17fb7aea2810,2025-12-18 07:03:59,Tanker Incident Reported near Novoshakhtinsk Oil T,47.7542512,39.9347532,23.0,4.0,4.0,6.0,50,0.0,0,1
edbca8f6-6bec-4609-8f33-6216d71a58ed,2025-12-17 15:22:07,Russian Strike on Zaporizhzhia,47.8507859,35.1182867,5.0,4.0,2.0,4.0,50,2.0,0,1
257e2dbe-4a49-47dc-a3d8-ee2f77400afd,2025-12-17 11:54:19,Russian Strike Affects Energy Infrastructure in Od,45.9962017,29.431517,100.0,6.0,8.0,7.0,70,0.8,1,1
f423648d-c641-4244-885b-3f1e3d756fc9,2025-12-17 10:26:23,Russian Forces Conduct Aerial Attack on Zaporizhzh,47.8507859,35.1182867,10.0,7.0,2.0,7.0,50,0.0,0,1
8ac03826-a340-487b-ab57-e92f5942fa10,2025-12-16 20:21:22,Ukrainian Drone Activity Reported in Rostov Region,47.2610441,39.7249086,4.0,3.0,2.0,4.0,50,-2.0,0,1
3b5e2d6e-cc3c-4a8e-99ee-885f402af05e,2025-12-16 17:48:16,Ukrainian Forces Strike Convoy of Russian S-400 Sy,51.8282605,37.9156695,100.0,6.0,8.0,7.0,50,0.0,0,1
50c5217d-2662-4fcc-9d20-bab2d4f8a754,2025-12-16 16:38:04,Russian Forces Advance near Vovchansk,50.2928843,36.9370028,25.0,3.0,5.0,5.0,50,-2.0,0,1
443090be-ee7f-4a84-b39d-3cbbf53e6136,2025-12-16 12:38:34,Russian Troop Deployment Reported near NATO Border,53.7098,27.9534,25.0,1.0,9.0,3.0,50,1.6,0,1
9b1d6bec-ec78-4162-b48a-b261ba0e2117,2025-12-16 12:25:56,Ukrainian Forces Demonstrate Control in Kupiansk,49.7132963,37.6141992,0.0,0.0,0.0,0.0,25,3.2,0,1
2ab62ef3-6fd9-4a4e-8439-1fb5a6ce0bcc,2025-12-16 10:12:42,Ukrainian Forces Engage Russian Forces in Kupyansk,49.7132963,37.6141992,22.0,3.0,5.0,4.0,70,2.0,1,1
08e19251-8eb1-4aeb-a889-558ffab990d2,2025-12-16 09:20:01,Russian Forces Drone Strike in Odesa Region,45.3647396,28.8407229,35.0,8.0,4.0,6.0,50,0.0,0,1
31d7743d-449c-466c-9827-edff923b51d2,2025-12-16 09:07:16,EU Leaders Discuss Defense Funding in Response to ,60.1699,24.9384,0.0,0.0,0.0,0.0,50,0.0,0,1
8b5160dc-2ff3-4531-8338-856325fa1420,2025-12-15 20:25:52,Negotiations for Peace Progress in Berlin,52.52,13.405,0.0,1.0,1.0,1.0,50,0.8,0,1
af025a6b-ae2e-475a-9a69-672977c44cb5,2025-12-15 18:51:12,Ukrainian Drone Strike Targets Russian Submarine i,44.7239578,37.7690711,22.0,3.0,5.0,4.0,70,0.8,1,1
7be2099d-7246-4a5b-b199-a1c54988a53c,2025-12-15 18:31:24,NATO and Turkish Air Force Shoot Down Unidentified,43.5,34.0,2.0,3.0,1.0,7.0,50,0.0,0,1
045a5b3d-ffb9-4ffb-b85c-ed5e6cb94a7d,2025-12-15 16:51:58,Ukrainian Forces Conduct Drone Attack on Russian S,44.7239578,37.7690711,27.0,6.0,5.0,4.0,70,2.0,1,1
50283781-1443-4e0f-8f70-3da1199e81eb,2025-12-15 15:12:26,Ukrainian Forces Strike Russian Submarine in Novor,44.7239578,37.7690711,56.0,7.0,5.0,7.0,57,1.8,0,2
6d3db0b3-6af7-4f79-a400-7ca64a2f3309,2025-12-15 14:59:23,Ukrainian Forces Strike Astrakhan Gas Processing P,46.3498308,48.0326203,100.0,7.0,9.0,6.0,50,2.8,0,1
0806208c-c65c-48b3-8595-949c7028292a,2025-12-15 09:43:22,Power Outages Reported in Odesa Region Due to Stri,45.3647396,28.8407229,100.0,8.0,8.0,6.0,50,0.8,0,1
3eb44dcf-5915-4a61-a1e5-fa6a950ac703,2025-12-15 08:19:17,Russian Personnel Casualty from Drone Strike in Se,46.196729,36.7357066,35.0,3.0,5.0,7.0,50,0.0,0,1
a3149233-6077-4698-a02d-e19bda33f9ac,2025-12-14 20:59:44,Unknown Forces Engage near Luch Thermal Power Plan,50.5955595,36.5873394,32.0,3.0,8.0,3.0,50,-0.6,0,1
803107d5-f518-426d-8b11-e3f1765a5e7c,2025-12-14 13:02:22,Ukrainian Special Unit Destroys Russian Radar Syst,45.2835044,34.2008188,100.0,7.0,8.0,7.0,50,2.0,0,1
adf68889-0dbe-4c5b-a501-a118a37d803e,2025-12-14 11:43:39,Ukrainian Drones Strike Oil Refineries in Krasnoda,45.7684014,39.0261044,100.0,7.0,9.0,7.0,50,0.0,0,1
0c4d8d81-6707-4347-aae8-90ded6a3cbb1,2025-12-14 09:56:03,Ukrainian Forces Engage Russian Equipment Column n,48.3293763,37.0798002,66.0,8.0,5.0,9.0,70,2.8,1,1
fc2f9f09-3354-4f63-9cd2-98a719894b92,2025-12-13 15:54:51,Train Derailment and Vehicle Collision in Penza Re,53.1358003,44.9968369,18.0,2.0,4.0,6.0,50,0.0,0,1
10932064-89ad-4585-b030-63bd52f127ef,2025-12-13 08:48:31,Russian Forces Conduct Strikes in Multiple Regions,51.9191343,30.8243039,100.0,8.0,8.0,6.0,50,2.0,0,1
83d3e8ea-c112-4163-a757-3e6850759ebe,2025-12-13 08:42:42,Russian UAV Attack on Odesa Region,45.3647396,28.8407229,100.0,8.0,8.0,6.0,50,0.0,0,1
50aaabd0-b9e2-464e-88df-41020c219d5d,2025-12-13 08:30:29,Russian Forces Conduct Airstrikes on Black Sea Por,46.4843023,30.7322878,100.0,8.0,8.0,6.0,50,2.0,0,1
3eee2a1f-14de-4a63-9461-df2594919b48,2025-12-13 08:22:00,Attack on JSC Minudobreniya Plant in Voronezh Regi,51.530018,46.034683,100.0,7.0,9.0,6.0,50,2.1,0,1
1ee54858-fd73-4476-9b2a-d072bb9540b1,2025-12-12 08:57:23,Russian Forces Strike DTEK Substation in Odesa Reg,45.3647396,28.8407229,100.0,8.0,8.0,6.0,70,2.0,1,1
25372ae1-2f85-4b14-8256-a942ec134aab,2025-12-12 15:50:28,Ukrainian Forces Advance in Kupyansk Region,49.7132963,37.6141992,0.0,0.0,0.0,0.0,50,3.2,0,1
2de67379-cfe3-42f5-ab6c-d957f1b0471e,2025-12-12 15:12:30,Ukrainian Forces Conduct Operations in Kharkiv Reg,49.7132963,37.6141992,4.0,1.0,3.0,3.0,50,2.0,0,1
d71988c5-62ab-483e-b12f-ad68e485bf90,2025-12-12 13:08:24,Ukrainian Forces Conduct Drone Strikes in Donetsk ,47.997797,37.8622574,47.0,6.0,5.0,7.0,70,2.0,1,1
49368992-1644-4916-9f96-b0aaa1a1ed12,2025-12-12 12:43:27,Ukrainian Forces Advance in Kupyansk Region,49.7132963,37.6141992,0.0,0.0,0.0,0.0,50,2.8,0,1
553904a0-a2a8-4102-96e3-a7f5cc550ca9,2025-12-12 10:48:21,Ukrainian Forces Conduct Operations in Kupyansk,49.7132963,37.6141992,0.0,0.0,0.0,0.0,50,2.0,0,1
0178c1b8-fdae-4f25-8651-28ed1e8c1e6d,2025-12-12 09:47:59,Ukrainian Forces Conduct UAV Strike in Crimea,45.2835044,34.2008188,100.0,6.0,8.0,7.0,50,2.0,0,1
0af8f814-9ca5-4756-ab0e-dabc7728c83c,2025-12-11 08:55:19,Ukrainian Air Defence Engages Russian Forces in Kr,49.0928529,33.4308188,100.0,8.0,8.0,6.0,50,0.0,0,1
122fffbf-cc7a-4a4f-baf7-5b89b6bf9b8b,2025-12-11 00:49:51,UAV Attack on Acron and Dorogobuzh in Russia,58.5209862,31.2757862,65.0,3.0,9.0,4.0,50,-1.4,0,1
6c63f7a6-71e1-43aa-877e-e4d8f87494b6,2025-12-10 21:40:31,Russian Forces Assault on Ivanivka,48.23788,38.9352,41.0,5.0,5.0,7.0,50,0.8,0,1
8529b669-ef7e-4406-bfca-2800970a5f84,2025-12-10 17:03:38,Ukrainian Forces Conduct Operations in Zaporizhzhi,47.8507859,35.1182867,92.0,6.0,8.0,7.0,50,2.0,0,1
937bfb3c-00cd-4f46-afa8-ee5d8d37baf8,2025-12-10 16:24:19,Ukrainian Naval Drones Strike Russian Tanker in Bl,43.5,34.0,14.0,3.0,4.0,4.0,50,0.8,0,1
ec933f34-5cec-4d51-b997-ff775931db3c,2025-12-10 14:44:29,Ukrainian Forces Engage Russian Forces near Sivers,48.8676267,38.0902435,0.0,1.0,5.0,1.0,25,-1.1,0,1
f1e0d687-48bd-497b-ba00-82df4fc3ea64,2025-12-10 11:11:06,Increased Mobilization and Drone Production Report,46.8403,29.6293,0.0,1.0,1.0,1.0,50,-2.0,0,1
3fad3df0-fda4-4cf9-a878-4d90c5238d2d,2025-12-10 10:11:45,Russian Forces Plan Attacks on Sewage Infrastructu,50.9119775,34.8027723,0.0,1.0,8.0,1.0,50,-1.2,0,1
4cf82d4a-ba89-429a-9d9c-053d5477f313,2025-12-10 09:51:42,Ukrainian Special Operations Forces Neutralize Rus,47.997797,37.8622574,15.0,3.0,3.0,7.0,50,2.0,0,1
26c36879-02a5-4d4a-b38f-a3ac80bdb28a,2025-12-10 10:07:17,US Proposes Peace Plan for Ukraine,47.9863996,37.2746326,0.0,1.0,1.0,1.0,32,-1.0,0,2
0fdb25e6-f9cf-4d1a-9820-d1af5bfea4c3,2025-12-09 09:07:20,Ukrainian Drones Strike Liquefied Gas Terminal in ,45.2823609,37.3658235,100.0,8.0,8.0,7.0,57,1.0,0,2
8f18e948-3a71-4f53-b27b-7871951027ed,2025-12-08 19:37:00,Ukrainian Forces Conduct Drone Operations in Sumy,50.9119775,34.8027723,24.0,3.0,4.0,7.0,50,2.0,0,1
85e3da2f-47a0-4a1d-ad74-0f73cbfbef4f,2025-12-08 13:06:02,Ukrainian Forces Conduct Strikes on Russian Milita,47.9212914,37.7809825,59.0,6.0,5.0,7.0,70,2.0,1,1
9bdb28c7-1f7a-4b21-9341-e9770074fd96,2025-12-08 09:46:26,UAV Strike Damages Residential Building in Chernih,51.272593,31.7417235,5.0,3.0,2.0,5.0,50,2.0,0,1
97bcffc4-feea-496a-bc39-fc93f694b84f,2025-12-07 23:11:35,Russian Forces Drone Attack in Okhtyrka,50.3115386,34.8868923,4.0,3.0,2.0,4.0,50,0.0,0,1
40277cdf-3f83-493f-a128-5c8ee6f3c6c6,2025-12-07 11:47:13,Russian Forces Conduct Strikes in Pechenihy Area,49.8654959,36.939812,100.0,7.0,8.0,6.0,50,-2.0,0,1
8237fa20-b1c2-4b59-8a7e-20e633c6ddf3,2025-12-07 09:17:29,Ukrainian Forces Conduct Tactical Withdrawal from ,48.30791,37.2591,82.0,7.0,8.0,6.0,50,0.0,0,1
de581c94-e629-46d1-820a-3ca4e421c3ff,2025-12-07 09:02:24,Ukrainian Air Defence Engages Adversary Forces in ,48.8522691,37.6058241,58.0,8.0,5.0,7.0,50,0.0,0,1
18f17441-6cea-47bf-bddb-e7333a3451a7,2025-12-06 14:49:03,Russian Forces Strike Energy Infrastructure in Kyi,50.3984937,30.8816326,99.0,6.0,8.0,6.0,50,0.8,0,1
d0c60214-abc6-4521-89fd-a401f15d352f,2025-12-06 09:16:16,Russian Forces Target Energy Infrastructure in Ukr,51.9191343,30.8243039,8.0,7.0,2.0,6.0,50,3.2,0,1
e74a7108-958b-4dbb-b0df-68972d8a2b14,2025-12-06 09:09:27,Russian Forces Attack on Energy and Transport Infr,50.0799307,29.9162821,100.0,8.0,8.0,6.0,50,2.0,0,1
0b463c36-1369-46a5-ac1e-5ad2f7c5bf3b,2025-12-06 08:34:22,Russian Forces Conduct Air and Missile Strikes acr,50.4500336,30.5241361,100.0,8.0,8.0,6.0,50,0.0,0,1
a8dd75c8-439a-4480-bda2-dbb35bcd0065,2025-12-05 23:49:21,Russian Forces Launch Missiles from Aircraft,47.2222596,39.7198736,0.0,8.0,8.0,2.0,50,0.0,0,1
a25b618b-0f89-492b-86e8-3fe873e17e49,2025-12-05 21:07:19,Russian Forces Conduct Strikes on Ukrainian Infras,50.4500336,30.5241361,100.0,8.0,8.0,6.0,65,-4.0,1,1
5f568665-595f-4a4d-ba4a-50cabc4dd670,2025-12-05 08:14:30,Ukrainian Forces Conduct Operations in Crimea,45.2835044,34.2008188,100.0,8.0,8.0,7.0,50,2.0,0,1
7021098c-1ffb-406c-894f-808f4cffa2d7,2025-12-04 17:25:43,Russian Forces Attempt Mechanized Assault near Myr,48.30791,37.2591,41.0,5.0,5.0,7.0,50,-2.0,0,1
6b32e658-175c-421e-821a-7c49683cde59,2025-12-04 16:36:15,Russian Forces Target Kherson CHPP,46.5421715,33.4079326,100.0,8.0,8.0,7.0,50,0.0,0,1
31bc7c7d-5b58-4b6d-a71d-5981903a4ea5,2025-12-04 16:23:45,Unidentified Drones Breach No-Fly Zone during Zele,50.4426247,30.4424541,26.0,3.0,7.0,3.0,57,-1.0,0,2
455d3e46-4dfd-4efe-a3b4-61b43a4988b7,2025-12-04 10:48:07,Ukrainian Forces Engage Russian Forces in Pokrovsk,48.30791,37.2591,35.0,5.0,5.0,6.0,50,-2.0,0,1
02b0e1c0-a63b-4f33-99a8-d65e803f03a5,2025-12-21 13:39:05,Russian Forces Increased Activity near Sotnytskyi ,46.3020943,30.653466,83.0,7.0,6.0,7.0,70,2.0,1,1
09c04dde-876b-4cdf-8c4d-4f8cafcd47c2,2025-12-20 22:11:10,Ukrainian Forces Advance in Kupyansk,49.7132963,37.6141992,8.0,3.0,3.0,4.0,50,2.0,0,1
89768e8f-df85-43e9-92ea-72c2ebe8ac3e,2025-12-20 19:13:30,Russian Forces Advance near Hrabovske,50.6914311,35.460427,4.0,3.0,2.0,4.0,50,2.8,0,1
af34ad44-d737-408f-804d-52ff1d70184c,2025-12-17 20:26:42,Ukrainian Forces Conduct Assault on Kupiansk Centr,49.7132963,37.6141992,33.0,4.0,5.0,6.0,50,3.2,0,1
8ee672ec-436a-483d-a9f9-589920a0b698,2025-12-16 19:21:58,Ukrainian Forces Strike S-400 Convoy in Belgorod R,54.068695,54.941628,100.0,6.0,8.0,7.0,50,2.0,0,1
2f010253-3acb-4bbd-94b7-99faf1eb0c46,2025-12-15 20:44:19,Ukrainian Forces Surround Russian Personnel in Kup,49.7132963,37.6141992,35.0,5.0,5.0,6.0,50,3.2,0,1
3c583084-1e32-4706-ad62-6f61c5863dd4,2025-12-14 23:00:39,Ukrainian Forces Conduct Operations in Novopavlivk,48.24869,37.22614,41.0,5.0,5.0,7.0,50,3.2,0,1
8ccc6d20-49c1-4174-8d61-b969c584b472,2025-12-14 20:35:59,Russian Forces Advance in Vovchansk Area,50.2928843,36.9370028,75.0,5.0,8.0,6.0,50,3.2,0,1
d20259e0-c7fd-4c2d-921d-9b92ec7bbb4e,2025-12-14 19:07:19,Ukrainian Forces Advance in Kupiansk,49.7132963,37.6141992,45.0,5.0,5.0,7.0,70,3.2,1,1
2d3b0e57-6caa-4298-9ced-f6dd44a83c77,2025-12-12 09:57:49,Ukrainian Forces Block Adversary Forces in Kupians,49.7132963,37.6141992,39.0,5.0,5.0,6.0,70,3.2,1,1
6f679e4f-9459-4415-a10c-d07984b6a17c,2025-12-20 09:15:19,Ukrainian Forces Strike Belbek Airbase in Crimea,44.6843059,33.6991901,100.0,6.0,8.0,7.0,50,2.0,0,1
0f14eafc-6b39-4d90-920d-6a415657430e,2025-12-15 07:06:23,Ukrainian Forces Engage Russian Forces near Dnipro,48.662589,34.9501715,4.0,1.0,3.0,3.0,50,-2.0,0,1
b284c4a2-6fbb-4d68-8130-66da7aa45a29,2025-12-09 11:54:25,Ukrainian Forces Stabilize Positions in Dnipropetr,48.662589,34.9501715,0.0,1.0,1.0,1.0,50,0.8,0,1
8d5a21f5-3a35-4c13-983d-57e1af5598f5,2025-12-07 06:36:01,Russian Forces Advance in Vovchansk Area,50.2928843,36.9370028,29.0,5.0,5.0,5.0,50,2.0,0,1
c276b656-011e-484c-afa2-6a3038d12cab,2025-12-22 07:07:30,Explosion Targeting Russian General in Moscow,55.625578,37.6063916,100.0,3.0,9.0,7.0,62,-3.2,0,1
a04864f2-d25b-4d97-8a98-3dffcf17081c,2025-12-22 05:48:59,Russian Forces Conduct Attacks in Various Regions,45.7684014,39.0261044,26.0,6.0,4.0,6.0,62,-2.4,0,1
21823422-dad2-4a15-8c26-bec90e0756e8,2025-12-19 10:29:59,Russian Repatriation Strategy Discussed by Vladimi,48.0279261,37.954765,0.0,0.0,0.0,0.0,62,-3.2,0,1
d91e8cd2-cb2a-4a52-86b9-feeaff58a7d7,2025-12-19 10:13:31,Russian Forces Advance in Severetsk,48.8676267,38.0902435,71.0,5.0,7.0,7.0,62,-3.2,0,1
134d3359-5201-4627-b046-0b60b34c5589,2025-12-19 05:02:22,Russian Forces Advance on Right Bank of Haichur,48.4683035,37.0903243,23.0,5.0,5.0,4.0,62,-3.2,0,1
8cc2fb21-75ad-41e1-a03a-2a88dfc99b17,2025-12-16 18:50:47,Control of Kupiansk Under Dispute,49.7132963,37.6141992,0.0,0.0,0.0,0.0,62,-3.2,0,1
f1df824d-9b10-4aef-ba2e-67133d00f7f3,2025-12-15 19:46:08,Information Dispute Regarding Kupiansk,49.7132963,37.6141992,0.0,1.0,1.0,1.0,62,2.0,0,1
43c28ef6-0f18-40f2-b709-45860e38d366,2025-12-15 17:48:50,Ukrainian Forces Conduct Attack on Submarine near ,44.7239578,37.7690711,20.0,3.0,5.0,4.0,62,-4.4,0,1
4c6a855a-99ec-4abf-bedd-e5c20aabde86,2025-12-15 15:05:25,Russian Forces Conduct Strikes on Bridge in Zatoka,46.06396,30.45033,87.0,6.0,7.0,6.0,57,-4.4,1,1
762129d8-6989-4490-8d78-9cdc68094905,2025-12-14 11:32:01,Russian Forces Advance in Varvarivka Area,55.0139695,35.8743578,41.0,5.0,5.0,7.0,62,-4.4,0,1
5f2cbee2-847c-46da-a4ba-ad0ff5731381,2025-12-13 18:38:15,Ukrainian Forces Conduct Operations near Kupiansk,49.7132963,37.6141992,0.0,1.0,1.0,1.0,62,-4.4,0,1
9643fff0-acc6-40b6-b929-f6d4c1779a51,2025-12-13 07:18:01,Russian Forces Strike Turkish Merchant Vessel in B,46.3020943,30.653466,23.0,3.0,4.0,6.0,57,-3.2,1,1
928afafb-7b27-4695-87e3-f8d8ff01fc38,2025-12-13 06:26:48,Russian Forces Conduct Operations in Odessa Region,50.4895076,30.4287653,100.0,7.0,8.0,6.0,82,-4.4,1,1
03651ad5-3545-4018-9c19-78d9c5ba771c,2025-12-12 16:22:39,Ukrainian Forces Engage Russian Forces in Sumy Reg,50.425396,35.4835397,8.0,3.0,3.0,4.0,62,-3.2,0,1
383632af-da14-49f6-8ee7-4f7dd9ae425f,2025-12-12 15:23:13,Ukrainian Forces Advance near Kupiansk,49.69306371,37.5854677,22.0,3.0,5.0,4.0,82,-3.2,1,1
578ff0b8-dc2c-4f37-b82d-21e5671187e8,2025-12-12 05:03:09,Russian Forces Advance in Severetsk,48.8676267,38.0902435,78.0,5.0,7.0,7.0,82,-4.4,1,1
e9e55fb6-e95c-403b-be8a-9119a9d3c4af,2025-12-11 15:58:21,Russian Forces Advance in Sumy and Kharkiv Regions,55.625578,37.6063916,0.0,1.0,1.0,1.0,62,-4.4,0,1
10b464fe-e3d1-41d6-b2cb-962fd5776e75,2025-12-10 23:35:25,Russian Forces Strike Gas Measurement Station in O,46.3020943,30.653466,5.0,6.0,2.0,4.0,72,-3.2,0,2
5a137635-76ea-4479-8c84-fa56617ab19e,2025-12-10 14:27:51,Ukrainian Forces Attack Civilian Tanker in Black S,43.5,34.0,0.0,4.0,2.0,1.0,62,-3.2,0,1
d895514c-94be-4082-bf00-947169739d14,2025-12-08 05:47:02,Russian Forces Conduct Strikes in Kyiv Region and ,49.0760254,44.2064059,21.0,6.0,4.0,5.0,62,-4.4,0,1
eb2220ec-546c-4314-a9c7-f7b3aeb249b2,2025-12-04 19:31:01,Ukrainian Forces Engage Adversary Forces near Crim,44.9521459,34.1024858,100.0,6.0,8.0,7.0,62,1.4,0,1
7bac120e-b0ce-46ad-b761-bb206e8390ee,2025-12-04 11:11:13,Ukrainian Forces Conduct Attack near Mezhvodne,45.5876521,32.8453518,27.0,3.0,5.0,4.0,82,-4.4,1,1
30225bbd-053c-4122-94d6-ff84a843461d,2025-12-20 08:32:58,Potential Military Action Considered in Transnistr,46.8403,29.6293,0.0,0.0,0.0,0.0,50,-3.2,0,1
fffcd9df-2f1a-4e90-abe4-d1138e3716b7,2025-12-22 08:22:08,Russian Forces Conduct Strikes in Donbass Region,56.1210895,38.1457655,39.0,3.0,5.0,7.0,70,-3.2,1,1
2f7c5761-3d0e-4da7-812f-a2a782271b1f,2025-12-22 06:22:39,"Russian Forces Advance in Vylcha, Kharkiv Region",49.9403225,25.1469232,71.0,5.0,7.0,7.0,50,-2.0,0,1
00bcf545-c982-48b4-bee1-838a69f1a548,2025-12-21 04:26:50,Russian Forces Conduct Strikes in Ukraine,46.4843023,30.7322878,100.0,7.0,8.0,6.0,70,-2.0,1,1
02b07d72-c539-4dc8-b84d-aec23ff6f5ce,2025-12-19 08:34:23,Russian Forces Conduct Operations in Donbas Region,48.7389415,37.5843812,8.0,3.0,3.0,4.0,50,-2.0,0,1
6d006fba-6a24-4e78-bb67-53d444fe604d,2025-12-19 04:17:47,Russian Forces Conduct Strikes in Ukraine,46.4843023,30.7322878,82.0,6.0,8.0,5.0,50,-3.2,0,1
01221dc4-48ba-4787-bc5d-723ef9cabf93,2025-12-18 07:37:27,Russian Forces Engage Ukrainian Forces near Lyman,48.9801314,37.8168012,35.0,5.0,5.0,6.0,60,-3.2,0,2
72c6d80b-1c97-4228-9a82-695abf8f9f6f,2025-12-16 04:23:56,Russian Forces Conduct Strikes in Ukraine on Decem,51.272593,31.7417235,23.0,6.0,4.0,5.0,70,-3.2,1,1
22a7bfab-adc4-48f9-aa40-14be4b795cde,2025-12-15 04:37:45,Russian Forces Conduct Strikes in Ukraine on Decem,46.06396,30.45033,70.0,6.0,7.0,6.0,70,-1.2,1,1
539ab9e5-bbe6-4a7b-97c6-fde84480d3bd,2025-12-13 03:56:45,Russian Forces Conduct Strikes on Ukrainian Territ,46.4843023,30.7322878,100.0,8.0,8.0,6.0,50,-2.0,0,1
d6dc9163-9771-4a83-a708-791a48fc7241,2025-12-12 04:02:51,Russian Forces Conduct Strikes in Ukraine,46.4843023,30.7322878,100.0,6.0,8.0,6.0,70,-2.0,1,1
aa97aa7e-1a61-4ec6-bdc3-c92ba3e2f404,2025-12-11 11:01:54,Russian Forces Retook Control of Severetsk,48.8676267,38.0902435,41.0,5.0,5.0,7.0,50,-3.2,0,1
b345621a-9aa1-4867-a1fe-8c4b962782f5,2025-12-11 07:48:19,Ukrainian Forces Conduct Operation in Kupyansk,49.7132963,37.6141992,35.0,5.0,5.0,6.0,50,0.0,0,1
06b75f1b-f442-4806-b72c-fd0999ef21e0,2025-12-08 04:00:39,Russian Forces Conduct Strikes in Ukraine on Decem,51.9191343,30.8243039,82.0,6.0,8.0,5.0,50,-2.0,0,1
7836a530-a806-4411-9c99-173ea2e0a9c5,2025-12-07 04:18:42,Russian Forces Conduct Strikes across Ukraine,49.0928529,33.4308188,100.0,8.0,8.0,6.0,50,-2.0,0,1
d3b56590-fa92-4efd-b746-96a43b1d2bdf,2025-12-06 06:35:09,Explosions Reported in Multiple Regions of Ukraine,49.0760254,44.2064059,31.0,7.0,4.0,5.0,70,-2.0,1,1
14e2d656-746b-4774-8365-ce9edcbec74e,2025-12-22 16:12:18,Russian Forces Strike Infrastructure in Odesa Regi,45.3647396,28.8407229,30.0,6.0,4.0,7.0,50,-3.2,0,1
b5f0d201-a448-4059-babb-eeeef9c229c6,2025-12-21 08:37:13,Ukrainian Forces Conduct Drone Operations over Rus,48.8134221,44.8005253,10.0,3.0,4.0,3.0,50,-3.2,0,1
030f9d13-e573-438c-920e-e63dacce4800,2025-12-20 18:05:01,Russian Forces Advance in Sumy Region,50.205799,26.532669,31.0,5.0,4.0,6.0,50,-3.2,0,1
d0197fad-d052-4f8b-8083-3b79e0d9fb3c,2025-12-20 13:11:33,Russian Forces Launched Drone in Kyiv,50.4500336,30.5241361,2.0,1.0,2.0,3.0,50,-2.0,0,1
4743123c-a335-4f1a-9a94-809b866c6f74,2025-12-20 09:11:19,"Russian Forces Advanced in Vysokoye, Sumy Region",56.648201,28.670601,18.0,5.0,3.0,7.0,50,-2.0,0,1
5b4fac5b-165e-4935-b7a9-e4f98364ba6e,2025-12-20 07:55:47,Ukrainian Forces UAVs Engaged in Russian Regions,51.6605982,39.2005858,33.0,8.0,5.0,4.0,50,-2.0,0,1
864e61ef-043e-4e8d-8412-a0fe31d7d808,2025-12-19 23:26:37,Ukrainian Forces Advance in Zaporizhia Region,47.4165079,35.922969,23.0,5.0,5.0,4.0,50,-2.0,0,1
9c568c19-4853-4ec3-8885-8fe118e70d6c,2025-12-19 09:14:06,Russian Forces Advance near Lyman and Sloviansk,48.9648101,37.8267391,23.0,5.0,5.0,4.0,50,-2.0,0,1
707a6222-7d29-493c-9787-d7ca02fd7bf3,2025-12-19 06:15:18,UAVs Engaged in Airspace over Southern Russia,47.2222596,39.7198736,15.0,5.0,4.0,3.0,60,-3.2,0,2
ce66f036-e813-490c-ac8e-5efb8d5b4538,2025-12-18 17:15:53,Russian Shelling Affects Transport Infrastructure ,46.4843023,30.7322878,63.0,5.0,7.0,5.0,50,-2.0,0,1
077afe0e-c659-49f4-9ffb-2c300448bed5,2025-12-17 09:14:43,"Russian Forces Advance in Gerasimovka, Dnipropetro",51.7830489,53.2815804,41.0,5.0,5.0,7.0,50,-3.2,0,1
0b90f7cf-d349-4a53-ba10-9a0074d8d248,2025-12-17 06:36:56,Ukrainian Forces Intercept Drone Attacks over Sout,45.2590875,38.1244609,23.0,8.0,4.0,4.0,50,-2.0,0,1
1890991b-ae92-4c77-90e3-3dd0d9446f7c,2025-12-15 14:20:03,Potential Electricity Blackout Threat in Eastern U,50.4500336,30.5241361,0.0,1.0,8.0,2.0,50,-2.0,0,1
0df5b1b5-4c74-442b-a5a8-9a5b37825624,2025-12-15 07:18:03,Ukrainian Forces Conduct Drone Attacks in Russian ,46.3498308,48.0326203,100.0,6.0,8.0,6.0,80,-3.2,1,2
afd91d36-3103-404f-a41a-7f486b46a800,2025-12-12 22:20:14,Ukrainian Forces Conduct Drone Strike in Saratov R,51.530018,46.034683,10.0,3.0,2.0,7.0,50,-3.2,0,1
397aa3a9-396e-49a6-ad84-5014ed73e677,2025-12-12 07:03:32,Ukrainian Drone Activity Reported over Russian Reg,53.3071527,34.3033433,25.0,8.0,4.0,4.0,70,-2.0,1,1
52938938-0998-4d58-a161-cf7a079df425,2025-12-11 09:23:13,Russian Forces Advance in Lyman Area,48.9801314,37.8168012,4.0,1.0,3.0,3.0,50,-2.0,0,1
f4601ef8-dd33-4f62-b627-2bad1714404a,2025-12-11 08:28:27,Updated Peace Plan Proposed for Ukraine,47.9863996,37.2746326,0.0,0.0,0.0,0.0,50,-2.0,0,1
4c0d2908-44b3-4634-a3b6-e3f15f97e8da,2025-12-10 21:10:30,Ukrainian Forces Advance near Severodonetsk,48.8676267,38.0902435,41.0,5.0,5.0,7.0,50,-3.2,0,1
8742f281-e71e-4268-b49e-e36400ce8da5,2025-12-10 07:05:10,Russian Forces Conduct Strikes in Multiple Regions,50.7696518,34.3289305,23.0,6.0,4.0,5.0,70,-3.2,1,1
373acd91-e873-4cba-b857-58b782286ada,2025-12-10 07:01:17,Ukrainian Forces Conduct Drone Operations over Rus,55.625578,37.6063916,71.0,8.0,8.0,4.0,50,-3.2,0,1
03ddc839-57f3-49da-8acc-eee740d9873f,2025-12-09 11:45:03,Ukrainian Forces Engage Russian Forces near Sivers,48.8676267,38.0902435,26.0,5.0,5.0,4.0,70,-2.0,1,1
8d572a6b-c18f-4378-9484-dde5bf90944c,2025-12-09 11:41:21,Ukrainian Forces Engage Russian Forces in Kupiansk,49.7132963,37.6141992,23.0,5.0,5.0,4.0,50,0.0,0,1
13071d90-9fda-4465-86bc-141fb995b5a1,2025-12-09 08:29:29,Russian Forces Conduct Strikes in Various Regions ,49.9945657,36.2488934,82.0,5.0,8.0,6.0,70,-2.0,1,1
7286f8db-127c-4fc2-86b4-651c057e32f6,2025-12-09 06:59:16,Ukrainian Forces Drone Strike on Cheboksary,56.1399598,47.2480999,6.0,3.0,2.0,4.0,70,-3.2,1,1
0728c802-c413-4d00-b11d-c59c6bd4624b,2025-12-07 17:31:33,Russian Forces Conduct Drone Strikes on Energy Inf,51.45525,31.259118,100.0,6.0,8.0,6.0,70,-3.2,1,1
df1bf94b-2a89-4a57-9cdc-8fd2c67f40b0,2025-12-07 11:16:12,Ukrainian Forces Report Damage to Crossing in Star,49.9945657,36.2488934,93.0,6.0,7.0,7.0,50,-3.2,0,1
db266e56-c059-4950-ae2b-f3af9deda079,2025-12-07 06:18:25,Russian Forces Advance in Gulyai Pole,49.5850548,25.9536398,29.0,5.0,5.0,5.0,50,-2.0,0,1
e48bc1ad-dc63-4958-aea3-0fa687a5dbaa,2025-12-07 06:15:11,Russian Forces Advance near Volchansk,50.247,36.93775,43.0,6.0,5.0,7.0,50,-2.0,0,1
d90ab002-2cad-4510-8da2-7a06a22c957e,2025-12-06 23:18:34,Russian Forces Conduct Strikes on Infrastructure i,49.0928529,33.4308188,100.0,6.0,8.0,6.0,70,-3.2,1,1
c101745d-5395-4f87-9a62-070b0a559698,2025-12-06 11:16:22,Russian Strike Destroys Warehouse in Dnipro,51.9191343,30.8243039,38.0,6.0,4.0,7.0,50,-2.0,0,1
01e353ac-4e49-426d-b8b0-6da99fa85f0a,2025-12-06 08:22:57,Ukrainian Forces Conduct Drone Operations over Rus,56.3451721,45.8191686,4.0,3.0,2.0,4.0,50,-3.2,0,1
055121b8-225c-43d3-912f-3b65131faded,2025-12-03 23:36:48,Russian Forces Conduct Strikes in Odessa and Surro,46.4843023,30.7322878,100.0,6.0,8.0,7.0,50,-2.0,0,1
00faf3c5-ed43-40a5-9b61-5f46209575fe,2025-12-22 14:11:58,Ukrainian Forces Infiltrate Lipetsk-2 Airfield,52.6935178,39.1122664,100.0,7.0,8.0,7.0,40,0.8,1,1
859a17f0-e6be-477e-aef1-57b719d6fd22,2025-12-22 14:07:20,Russian Forces Launch Assault on Dobropillia Axis,48.4683035,37.0903243,41.0,5.0,5.0,7.0,45,1.2,0,1
b95455fd-af77-4f45-9818-24e356509ce0,2025-12-22 13:12:02,Ukrainian Forces Strike Oil Export Hub in Krasnoda,45.7684014,39.0261044,100.0,7.0,9.0,6.0,45,-1.2,0,1
bb20abe3-4169-4dd9-919d-e91c3fa774bf,2025-12-22 08:16:01,Ukrainian Forces Strike Russian Port Infrastructur,45.2158646,36.7191326,100.0,6.0,8.0,7.0,65,-3.1,1,1
6d3f3b88-1043-4c3e-8a42-fc48246f933f,2025-12-22 08:06:25,Car Bombing Targets Russian MoD Officer in Moscow ,55.7410286,37.6047098,73.0,1.0,9.0,7.0,45,-2.0,0,1
56c76979-225d-473c-a7cb-1b185519a022,2025-12-20 13:47:31,Ukrainian Officials Review Air Defense Performance,46.4843023,30.7322878,0.0,0.0,0.0,0.0,45,-1.2,0,1
0f481a0f-f748-4763-af13-388c83da3fd0,2025-12-20 06:44:27,Russian Ballistic Missile Strike on Port Infrastru,45.3647396,28.8407229,100.0,7.0,8.0,7.0,45,0.0,0,1
c66ca8e4-2c4e-4b3a-a8a5-032700da2d77,2025-12-20 06:40:01,Ukrainian Forces Conduct Strikes on Russian Milita,42.0,51.0,100.0,6.0,8.0,7.0,45,-2.7,0,1
85985e2a-1361-41d4-919c-d3b042575f48,2025-12-19 15:42:20,Russian Forces Conduct Drone Strikes on Bridge in ,46.416632,30.2750575,94.0,8.0,7.0,6.0,65,-4.0,1,1
01921e74-f762-436b-8afe-6ae8bb22473b,2025-12-19 13:50:49,Ukrainian Forces Strike Russian Oil Platform in Ca,42.0,51.0,100.0,7.0,9.0,7.0,65,0.0,1,1
6be48495-9ca9-413f-aae6-ac10ce038692,2025-12-19 10:00:27,Russian Forces Claim Control of Kupyansk,55.625578,37.6063916,0.0,1.0,1.0,1.0,20,-4.0,0,1
94cf20e9-2a5d-495f-bc2e-3e7f513b0548,2025-12-19 07:28:36,Ukrainian Forces Conduct Drone Strike on Tolyattia,53.5098845,49.4189187,100.0,6.0,9.0,7.0,45,0.0,0,1
5e11cb56-6107-4a04-95b6-4ca4929bc9f5,2025-12-18 15:41:03,Explosion and Fire at Sintez OKA Plant in Dzerzhin,56.2382157,43.4617405,100.0,7.0,9.0,6.0,45,0.0,0,1
51c696c7-db03-45fc-9e0e-2eb77b49ef9d,2025-12-18 15:38:33,Ukrainian Forces Strike Russian Ammunition Depot o,49.7132963,37.6141992,24.0,3.0,4.0,7.0,45,-1.2,0,1
33c2da67-0dbe-40d7-adec-4b039567e8fb,2025-12-18 14:53:44,Deployment of Russian Missile System Confirmed in ,53.7098,27.9534,0.0,10.0,10.0,1.0,45,-3.2,0,1
4f8cd4c6-4e26-45ff-a64a-3b661a9beec2,2025-12-18 10:52:34,Ukrainian Forces Strike at Belbek Airfield in Crim,44.6142524,33.8787169,100.0,8.0,8.0,8.0,65,0.0,1,1
d917b37f-5148-4d08-86f4-b1c4979e5486,2025-12-18 09:56:26,Russian Border Guards Cross into Estonian Territor,59.3797,28.1791,0.0,1.0,1.0,3.0,65,-2.0,1,1
71cdb405-f798-4603-b6bb-2e89a8b9efc2,2025-12-18 07:43:15,Russian Drone Attack on Kryvyi Rih,47.9102734,33.3917703,14.0,3.0,4.0,4.0,45,0.0,0,1
f1acb54c-0bd0-46a2-b698-472e6dfd365b,2025-12-17 22:57:12,Ukrainian Missile Strike Damages Vessel in Rostov ,47.2610441,39.7249086,33.0,6.0,4.0,7.0,65,-1.2,1,1
09a6f701-7865-4b3a-a9db-eae5568ca5c4,2025-12-17 09:21:38,Ukrainian Unmanned System Forces Strike Slavyansk ,45.2590875,38.1244609,100.0,7.0,9.0,6.0,45,-0.8,0,1
fd992d7c-ebcd-4d30-9e51-8ea7260a0866,2025-12-17 08:25:48,Ukrainian Forces Strike Russian Oil Refinery and D,49.2724587,38.9150477,54.0,6.0,5.0,7.0,45,0.0,0,1
f3474dbe-daa5-4237-91fd-417463f85774,2025-12-17 07:53:09,Ukrainian Forces Engage Russian Troops in Eastern ,48.3293763,37.0798002,41.0,5.0,5.0,7.0,45,0.0,0,1
fbfe65a9-e556-4629-82ff-656cc7d2b018,2025-12-17 07:47:17,Russian Infantry Assault Attempt near Dobropillia,48.4683035,37.0903243,8.0,3.0,3.0,4.0,45,-1.2,0,1
29bd5dcb-61e7-46e2-99e1-8145551a7eb7,2025-12-17 07:09:05,Russian Naval Operations Conducted in the Baltic S,56.5,19.0,6.0,1.0,4.0,3.0,45,-2.0,0,1
2dae3642-1ea1-4bf1-af86-5802343c8822,2025-12-16 12:14:01,Ukrainian Special Operations Forces Strike in Done,47.6992867,37.4193794,41.0,5.0,5.0,7.0,45,-1.2,0,1
1698772d-237a-4489-a5e9-d00ac9164666,2025-12-16 10:59:58,Ukrainian Forces Conduct Operation near Novorossiy,44.7239578,37.7690711,42.0,6.0,5.0,5.0,40,-2.0,1,1
144accdf-0950-4afa-8203-f913a0fe0449,2025-12-16 07:23:54,Russian Forces Strike Residential Building in Zapo,47.8507859,35.1182867,7.0,3.0,2.0,6.0,45,-2.0,0,1
ae3f5af8-4a4b-4ad9-83b8-b9c17e3ed933,2025-12-15 14:29:26,Ukrainian Forces Strike Russian Oil Platforms in C,42.0,51.0,100.0,7.0,9.0,7.0,45,-2.0,0,1
3287c91e-a81d-428f-8a93-f56e42e5a51d,2025-12-15 11:37:57,Ukrainian Deputy Defense Minister Meets German Off,52.52,13.405,0.0,0.0,0.0,0.0,45,-2.0,0,1
64fd052e-7f0b-4bd6-ace7-8439888d1ef3,2025-12-15 08:55:09,Russian Forces Strike Infrastructure in Dnipropetr,48.4124572,33.7056731,100.0,8.0,8.0,6.0,45,-4.0,0,1
9f1a2b89-b36d-4baa-b2fa-8b9a3d9188e5,2025-12-15 07:59:43,Ukrainian Drones Strike Targets in Moscow Region,54.837449,38.1505119,90.0,6.0,8.0,5.0,65,-2.0,1,1
1280539d-2d5a-43bb-affd-c770785f01f0,2025-12-15 07:56:40,Ukrainian Forces Conduct Precision Strike in Zapor,47.8507859,35.1182867,58.0,6.0,6.0,7.0,45,0.0,0,1
6023c3cd-8004-48c3-be9d-5f910eb3bee3,2025-12-14 20:30:47,Ukrainian Naval Drones Strike Russian Tanker in Bl,43.5,34.0,15.0,3.0,4.0,4.0,65,-2.0,1,1
5a6b3e98-af9b-4dca-9e1c-ec9fe1162391,2025-12-14 14:10:22,Russian An-22 Aircraft Incident in Ivanovo Region,56.9956855,40.9812104,49.0,7.0,5.0,7.0,40,-4.0,1,1
3401a5a8-f506-4ce7-961a-a341ba788c93,2025-12-14 06:45:07,Ukrainian Forces Strike Oil Refineries and Militar,48.8134221,44.8005253,100.0,8.0,8.0,6.0,45,-1.5,0,1
1c910030-73c4-49b2-b148-1b93aaf63b1d,2025-12-13 20:43:59,Ukrainian Forces Conduct Missile and Drone Strikes,44.9521459,34.1024858,100.0,8.0,8.0,6.0,45,-2.7,0,1
deab2231-7b27-4c4c-b8b9-e5aa355542a0,2025-12-13 17:33:06,Russian Forces Strike Turkish Vessel VIVA in Ukrai,45.3647396,28.8407229,0.0,3.0,2.0,2.0,45,-4.0,0,1
7f61a4c6-f1e1-4ee6-a4b9-fa610a253ae1,2025-12-13 07:34:54,Russian Air Attack on Odesa Region,46.4843023,30.7322878,100.0,8.0,8.0,6.0,45,-5.2,0,1
94e4d96b-cfe0-4cd4-965f-5d351b066973,2025-12-12 16:40:50,Russian Forces Conduct Strike on Turkish Vessel in,46.4843023,30.7322878,27.0,7.0,4.0,6.0,45,-2.0,0,1
f7ab02a1-7788-4119-b4d4-83f09c992502,2025-12-12 15:44:26,Russian Ballistic Strike Reported in Odesa Region,46.3020943,30.653466,27.0,7.0,4.0,6.0,45,-1.2,0,1
fced4de5-a86a-469a-a924-4d0f1a8d7231,2025-12-12 12:14:41,Ukrainian Forces Target Russian Aircraft and Radar,45.2835044,34.2008188,100.0,6.0,8.0,7.0,45,0.0,0,1
11e5edf0-6306-47b5-ac63-8b5e3e8a8e25,2025-12-12 10:36:39,Ukrainian Special Operations Forces Conduct Strike,42.0,51.0,30.0,6.0,4.0,7.0,20,-0.8,0,1
f4de9c1d-e161-4301-a871-1f33ee49887a,2025-12-12 10:31:15,Ukrainian Forces Block Russian Forces in Kupyansk,49.7132963,37.6141992,35.0,5.0,5.0,6.0,45,-0.8,0,1
6a409b4e-a53a-41a2-be63-37c5f8e3403e,2025-12-12 09:17:31,Ukrainian Forces Strike Slavneft-YANOS Oil Refiner,57.6263877,39.8933705,100.0,7.0,9.0,7.0,65,-2.0,1,1
f3e5c45d-77ac-4f04-8ac2-97f06a5e1263,2025-12-11 19:09:38,UAV Strike on AN-26 Military Transport Aircraft at,44.7755079,33.5437538,100.0,6.0,8.0,7.0,45,-1.2,0,1
f6fdc87b-8a64-44f4-9624-ff4621a75126,2025-12-10 11:16:53,Russian Forces Mobilization Efforts Noted near Tra,46.8403,29.6293,0.0,1.0,1.0,1.0,45,-3.5,0,1
5d918700-575e-4865-827c-539c46ec681d,2025-12-10 08:47:58,Ukrainian Forces Conduct Drone Strikes on Russian ,54.7712736,31.9854955,100.0,6.0,8.0,7.0,65,-1.1,1,1
b4bb2c7a-850d-4f1a-98fb-2df08504460c,2025-12-09 10:12:07,Russian An-22 Aircraft Crash in Ivanovo Region,58.2184,42.1299,0.0,0.0,0.0,0.0,45,-1.2,0,1
0c507439-8b26-4937-8d3f-745520025ab3,2025-12-08 12:56:18,Ukrainian Forces Conduct Operation Against Russian,48.1456309,38.3545249,100.0,6.0,8.0,7.0,65,0.0,1,1
73eddd0e-1bef-4335-adff-f5e725f94ce0,2025-12-08 11:27:36,Ukrainian Forces Conduct UAV Strike on Russian Mil,48.9801314,37.8168012,8.0,3.0,3.0,4.0,45,-2.0,0,1
8f7ece0d-32ec-4b73-ae00-f0eda3932177,2025-12-07 11:43:54,Russian Forces Strike Pechenihy Dam in Kharkiv Reg,49.8654959,36.939812,91.0,9.0,8.0,5.0,45,0.0,0,1
02b49141-0dd6-4841-b859-7d439b2f4426,2025-12-06 20:14:29,Ukrainian Forces Detonate Vehicle in Kherson Regio,46.132403,32.9219,28.0,1.0,5.0,7.0,45,0.0,0,1
b251cba7-d3ee-4861-babc-3e1fd68c528e,2025-12-06 12:50:44,Ukrainian Forces Strike Ryazan Oil Refinery and Al,54.6295687,39.7425039,100.0,7.0,9.0,6.0,45,1.6,0,1
59b90827-f9ee-4ab8-a711-c64e6247c73e,2025-12-06 06:31:43,Russian Forces Launch Missile and Drone Strikes ac,50.4500336,30.5241361,100.0,8.0,8.0,6.0,45,-2.0,0,1
611a373b-dba2-4813-95fc-bdc75680ab4e,2025-12-05 09:07:22,Ukrainian Drone Strike on Syzran Oil Refinery,53.15538,48.474121,100.0,7.0,9.0,6.0,45,-1.2,0,1
6edac246-1479-4578-8c90-3459337914c8,2025-12-04 16:45:43,Ukrainian Special Operations Forces Neutralize Rus,48.2455558,28.2852657,15.0,3.0,3.0,7.0,45,0.0,0,1
242613d5-f1ec-4979-91fe-3c5032870861,2025-12-04 13:54:17,Ukrainian Military Intelligence Strike on Russian ,44.7755079,33.5437538,100.0,6.0,8.0,7.0,65,0.8,1,1
4eb9e010-fe19-4918-a69e-66fe15ba437d,2025-12-04 09:34:55,Ukrainian Navy Comments on Russian Tanker Incident,39.9334,32.8597,0.0,1.0,1.0,1.0,45,-2.0,0,1
6fcd59ae-d366-4826-a4db-eff4128e2305,2025-12-04 09:30:18,Russian Forces Attack Kherson Thermal Power Plant,46.5421715,33.4079326,100.0,8.0,8.0,6.0,45,-2.0,0,1
0d255cf8-343e-4cc1-9ef9-e3dfba86adee,2025-12-04 09:24:40,Ukrainian Drones Strike Chemical Plant and Power F,44.8632577,43.4406913,99.0,6.0,8.0,6.0,45,0.8,0,1
e8f49145-8259-41af-8598-e10abf6a5415,2025-12-04 08:59:17,Russian Forces Launch Missile and Drone Attacks on,50.0799307,29.9162821,43.0,7.0,6.0,4.0,45,-2.0,0,1
ac409e3e-05ee-4c9e-9281-44adc9ed9fc1,2025-12-20 22:56:17,Russian Forces Conduct Operations in Hrabovske Are,50.6914311,35.460427,2.0,1.0,2.0,3.0,72,2.4,0,1
393fb46c-7cb0-47b8-aaae-52a965dac8b9,2025-12-20 22:50:00,Russian Forces Conduct Operations in Kupyansk Regi,49.7132963,37.6141992,0.0,1.0,1.0,1.0,72,1.2,0,1
251b37a4-fc2d-4da7-8493-b10e1ac6d204,2025-12-20 22:49:26,Russian Forces Attack Repelled in Dobropillia,48.4683035,37.0903243,41.0,5.0,5.0,7.0,72,2.4,0,1
2eb7bca8-fd44-49ff-a1fb-a9cf49e2446b,2025-12-16 21:20:17,Ukrainian Forces Occupy Hospital in Kupyansk,49.7132963,37.6141992,4.0,1.0,3.0,3.0,72,2.4,0,1
b81b2aa6-571b-4c68-9d3d-bd8e538dc9c4,2025-12-15 22:24:16,Russian Forces Engage Ukrainian Forces near Kupyan,49.7132963,37.6141992,8.0,3.0,3.0,4.0,72,2.4,0,1
adbe127e-af77-480f-bdb7-d5d57fa085c7,2025-12-15 22:24:00,Russian Forces Advance in Siversk Front,48.8676267,38.0902435,0.0,0.0,0.0,0.0,72,-1.6,0,1
7db4a417-1fc9-43c6-84e6-0b490f7fb855,2025-12-15 22:23:44,Russian Forces Stabilize Area near Kostiyantynivka,48.534905,37.6923754,43.0,6.0,5.0,7.0,72,-0.4,0,1
7fdf81ce-ee7a-422f-a116-366b8e215755,2025-12-13 19:42:10,Russian Forces Encircle Mirnograd,48.30791,37.2591,41.0,5.0,5.0,7.0,72,-1.6,0,1
451e8b60-f0be-4b65-9bb3-0b8e3754065c,2025-12-12 14:50:58,Russian Forces Advance in Eastern Ukraine,49.7132963,37.6141992,41.0,5.0,5.0,7.0,72,1.4,0,1
be705f69-ab55-4292-8a65-941d34867974,2025-12-12 14:43:39,Ukrainian Forces Advance in Kupyansk,49.7132963,37.6141992,66.0,7.0,6.0,7.0,91,2.5,1,2
d4d2f700-86a9-4855-8a69-481575bd47ec,2025-12-11 15:37:41,Ukrainian Forces Celebrate Control in Siversk,47.9645198,32.8013654,5.0,1.0,3.0,4.0,72,1.7,0,1
8dc3ae9e-9f1d-467d-aeb3-d2a501e49670,2025-12-08 16:52:09,Russian Forces Advance in Siversk Area,48.8676267,38.0902435,4.0,1.0,3.0,3.0,72,-1.1,0,1
d301398b-0c7b-4327-a4dc-614e92d19942,2025-12-07 08:50:44,Russian Forces Consolidate Positions near Yampol,48.9801314,37.8168012,4.0,1.0,3.0,3.0,72,0.4,0,1
0254981f-cb1f-458c-a47b-9a20cb0fe3aa,2025-12-07 08:50:33,Russian Forces Advance in Siversk Front,48.8676267,38.0902435,9.0,1.0,5.0,3.0,72,0.4,0,1
f5d70d12-64bb-47d4-8822-a9cbb9dc2cc3,2025-12-07 08:50:20,Russian Forces Advance in Siversk,48.8676267,38.0902435,60.0,5.0,7.0,6.0,72,-2.8,0,1
b5b0cc11-8dfc-444b-b788-d82d3382217e,2025-12-07 08:49:53,Russian Forces Advance in Mirhorad Area,48.30791,37.2591,35.0,5.0,5.0,6.0,72,-1.6,0,1
682ac77e-6740-44f9-8194-415bdbde4398,2025-12-07 08:49:30,Ukrainian Forces Retook Control of Tykhe in Dnipro,50.9651638,26.5516199,41.0,5.0,5.0,7.0,72,4.2,0,1
35eb8cb1-fa83-4efc-983a-b4da7e836b12,2025-12-22 12:55:32,Russian Forces Attack Oil Terminal in Krasnodar Kr,45.7684014,39.0261044,100.0,7.0,8.0,6.0,50,0.8,0,1
449f0cc8-546d-4c50-a9dd-3f936123e1f0,2025-12-22 09:08:58,General Sarvarov Killed in Moscow,55.625578,37.6063916,100.0,7.0,9.0,7.0,50,0.0,0,1
3d454fa7-ac7a-4a39-9e87-24abbdd3825f,2025-12-20 02:31:00,Russian Forces Conduct Airstrikes in Odessa Region,46.4843023,30.7322878,72.0,6.0,8.0,5.0,70,-2.0,1,1
383a1909-4781-45ed-9ba6-9844272ce994,2025-12-19 17:20:15,Ukrainian Forces Conduct Drone Attack on QENDIL Oi,43.5,34.0,14.0,3.0,4.0,4.0,50,0.0,0,1
133e678b-4e35-4549-a785-a5644e174f71,2025-12-19 09:03:33,Ukrainian Forces Conduct Missile Strike on Oryol P,52.9709262,36.0642127,100.0,7.0,8.0,6.0,70,0.0,1,1
a3685d84-1958-4c8f-90d4-68102cfaed9e,2025-12-18 12:32:03,Ukrainian Forces Strike S-400 Launchers in Belgoro,50.7794671,36.8424831,100.0,6.0,8.0,7.0,50,2.0,0,1
03ae5914-d9b8-4988-9748-187f512701a4,2025-12-18 07:01:31,Ukrainian Forces Report Submarine Damage in Novoro,47.181667,39.636111,33.0,3.0,5.0,6.0,70,2.0,1,1
84022b0a-4a85-4c40-9bd3-14aa74e174f7,2025-12-17 23:45:29,Ukrainian Forces Attack in Rostov,47.2610441,39.7249086,27.0,6.0,4.0,5.0,50,-1.2,0,1
ca2d24e6-2952-469a-8afb-1ea9f869c8f6,2025-12-17 18:50:48,Russian Forces Shared Misleading Video from Tavilz,49.837763,37.767624,0.0,1.0,1.0,1.0,70,-2.0,1,1
9523c701-6eaa-417a-9161-bec0be45717e,2025-12-17 14:41:11,Ukrainian Forces Report Damage to Russian Submarin,44.7239578,37.7690711,43.0,6.0,5.0,7.0,50,2.8,0,1
e099a4fb-e4ac-457e-b911-abd8db6de3c1,2025-12-17 12:05:13,Ukrainian Forces Report Increased Russian Military,49.7132963,37.6141992,4.0,1.0,3.0,3.0,50,2.0,0,1
ea5251ca-d815-4a9d-a8cd-2e84c322172e,2025-12-17 09:45:31,German Chancellor Proposes Multinational Force for,52.52,13.405,0.0,1.0,1.0,1.0,50,0.0,0,1
3c0aa6f5-55cb-46ab-81d2-145bf135cb8c,2025-12-16 22:40:23,Russian Forces Attempt Assault on Novopavlivka,48.24869,37.22614,20.0,5.0,3.0,7.0,70,0.8,1,1
4655b9b1-1378-488c-a37c-628a48eb5891,2025-12-16 14:46:06,Ukrainian President Addresses Claims of Russian Co,49.70138888888889,37.61555555555556,4.0,1.0,3.0,3.0,70,-2.0,1,1
4d6e4530-f9e2-4209-a579-f69def928a3a,2025-12-16 12:54:51,Ukrainian Forces Conduct Underwater Drone Strike o,44.7239578,37.7690711,34.0,6.0,5.0,5.0,45,0.0,1,1
1d5c130d-62e9-4a1e-896d-4f3b05a66cd5,2025-12-15 17:18:58,Ukrainian Forces Strike Belgorod Thermal Power Pla,50.5955595,36.5873394,100.0,6.0,8.0,6.0,70,0.0,1,1
3f7c4f4e-418c-48bb-b9c9-e386c8ba8fdf,2025-12-15 16:21:20,Ukrainian Underwater Drone Engages Russian Submari,44.7239578,37.7690711,20.0,3.0,5.0,4.0,50,2.0,0,1
65443a31-a9f5-4f1f-ae55-dedf2229bade,2025-12-15 15:06:00,Ukrainian Security Service Strike on Russian Subma,44.7239578,37.7690711,49.0,7.0,5.0,7.0,70,2.0,1,1
3cd992c2-5fbd-4684-9de1-a3f3d5546226,2025-12-15 12:04:28,US Delegation Advocates for Ukraine to Abandon Don,52.52,13.405,0.0,0.0,0.0,0.0,50,0.0,0,1
18943908-4a92-47b9-bf52-c48f5525f83a,2025-12-13 11:10:29,Ukrainian Forces Engage Russian Forces near Donets,47.9212914,37.7809825,17.0,3.0,3.0,7.0,70,2.0,1,1
73ff9612-cffc-4b9f-a89f-28cba52c596e,2025-12-12 17:33:18,Russian Missile Strike on Cargo Ship in Chornomors,46.3020943,30.653466,29.0,7.0,4.0,6.0,70,-0.8,1,1
3968a229-016b-464f-bcfe-80edc035a12c,2025-12-11 23:55:44,Ukrainian Drone Strike on An-26 Aircraft in Crimea,44.7755079,33.5437538,100.0,6.0,8.0,7.0,50,0.8,0,1
9010369a-c69a-4a6e-b9fb-7bb3dc966670,2025-12-11 23:25:46,Ukrainian Forces Report Control of Kupiansk,49.7132963,37.6141992,0.0,0.0,0.0,0.0,50,0.0,0,1
83b3013f-dfb6-42fc-b5dc-38917c7bf62a,2025-12-11 10:23:05,Ukrainian Drones Strike Russian Oil Platform in Ca,42.0,51.0,100.0,6.0,8.0,7.0,50,2.0,0,1
6278341c-1a22-4ce6-a008-0d9230851666,2025-12-11 08:42:37,Ukrainian Forces Strike Filanovsky Oil Platform in,42.0,51.0,100.0,7.0,9.0,7.0,50,0.6,0,1
849cbb65-79f3-40a9-84e2-46559101094b,2025-12-10 20:38:49,Ukrainian Drone Strikes Recorded in Russian Territ,53.2423778,34.3668288,71.0,8.0,8.0,4.0,50,-2.0,0,1
2cd1e935-8064-4be0-9cb7-c05ae724f38a,2025-12-10 17:21:28,Military Reconnaissance Operations Conducted over ,43.5,34.0,0.0,1.0,1.0,1.0,50,-1.2,0,1
ac70dcda-79f2-4b32-919b-bbda89bf5f48,2025-12-10 16:27:52,Ukrainian Forces Attack Tanker in Black Sea,43.5,34.0,92.0,6.0,8.0,7.0,50,-2.0,0,1
030d3073-06e1-497b-887b-eb7d6d9ccaf1,2025-12-10 11:49:45,Drone Strike Conducted by Rubicon near Pokrovsk,48.306806,37.236189,8.0,3.0,3.0,4.0,50,-2.0,0,1
65a25771-a4a4-4327-8992-2b0b55b71203,2025-12-09 12:03:02,Russian Airstrike on Ukrainian Position in Myrnohr,48.306939,37.257623,38.0,7.0,5.0,6.0,50,0.0,0,1
c020ece7-b9bc-48c4-b215-1578cedef98e,2025-12-08 18:02:23,Ukrainian Air Force Reports Loss of Su-27 in Easte,50.7517455,25.3313028,41.0,5.0,5.0,7.0,50,0.0,0,1
97c986e2-8968-4b65-a8d9-2962cc8c1331,2025-12-08 17:18:45,Russian Forces Assault Residential Areas in Rivne,51.2074112,26.5208033,9.0,3.0,3.0,4.0,70,-2.0,1,1
604c27a1-8149-4530-b5ab-1d168f266ac2,2025-12-07 11:53:38,Ukrainian Forces Engage Russian Forces in Toretsk,48.3970469,37.8501378,8.0,3.0,3.0,4.0,50,-2.6,0,1
4a04fea8-a435-4b32-a442-d0cca41fae6a,2025-12-06 13:01:33,Ukrainian Forces Intercept Drone in Western Ukrain,49.4393787,32.0674722,1.0,6.0,2.0,1.0,70,0.8,1,1
7166b888-85d5-4eac-9b08-4623b993146a,2025-12-05 16:46:25,Ukrainian Forces Engage Russian Forces in Central ,49.7132963,37.6141992,9.0,3.0,3.0,4.0,70,-1.2,1,1
a1268aa0-5888-4c17-a8ac-d31b7fcd46c4,2025-12-04 02:00:12,Ukrainian Forces Strike Nevinnomyssk Azot Chemical,44.6245814,41.9475941,100.0,7.0,9.0,6.0,50,0.8,0,1
c64ecca9-371a-487a-b2be-8111bc1914b3,2025-12-14 20:09:28,Russian Forces Advance near Kupiansk,49.7132963,37.6141992,29.0,5.0,5.0,5.0,50,0.0,0,1
6510813c-7a1e-4728-9bb3-30567bff5617,2025-12-09 20:59:15,Russian Forces Bombard Energy Infrastructure in Uk,50.4500336,30.5241361,0.0,1.0,8.0,2.0,50,2.8,0,1
